Codon,Frequency
UUU,1.9
UUC,33.4
UUA,0.4
UUG,9
UCU,1
UCC,12.1
UCA,0.8
UCG,13
UAU,5.3
UAC,20
UAA,0.3
UAG,0.4
UGU,1
UGC,9
UGA,2.4
UGG,14.9
CUU,3.4
CUC,27.7
CUA,1.7
CUG,81.7
CCU,2.3
CCC,13.2
CCA,2.4
CCG,32.8
CAU,6.4
CAC,15.3
CAA,6.7
CAG,36.2
CGU,7.9
CGC,48.8
CGA,2.6
CGG,14.1
AUU,3.1
AUC,37.5
AUA,1
AUG,20.2
ACU,1.9
ACC,32.5
ACA,1
ACG,6.7
AAU,3.8
AAC,22.6
AAA,3.9
AAG,24.9
AGU,2.7
AGC,25.8
AGA,0.6
AGG,2.1
GUU,3
GUC,28.5
GUA,4
GUG,33.1
GCU,5.2
GCC,67.1
GCA,5.2
GCG,38.6
GAU,10.7
GAC,42.4
GAA,23.4
GAG,37.2
GGU,8.2
GGC,61
GGA,4.3
GGG,10